PR,URL,Title,Content type,Is rendered page,HTTP status code,Organic traffic,Depth,Is indexable page,No. of all inlinks,First found at
7,https://agseo.pro/cookies,,text/html; charset=iso-8859-1,false,404,0,1,false,5,https://agseo.pro/
7,https://agseo.pro/contact,,text/html; charset=iso-8859-1,false,404,0,1,false,5,https://agseo.pro/
7,https://agseo.pro/terms,,text/html; charset=iso-8859-1,false,404,0,1,false,5,https://agseo.pro/
7,https://agseo.pro/privacy,,text/html; charset=iso-8859-1,false,404,0,1,false,5,https://agseo.pro/
7,https://agseo.pro/pricing,,text/html; charset=iso-8859-1,false,404,0,1,false,5,https://agseo.pro/
7,https://agseo.pro/geo-optimization,,text/html; charset=iso-8859-1,false,404,0,1,false,5,https://agseo.pro/
1,https://www.agseo.pro/privacy,,text/html; charset=iso-8859-1,false,404,0,1,false,1,https://www.agseo.pro/
1,https://www.agseo.pro/pricing,,text/html; charset=iso-8859-1,false,404,0,1,false,1,https://www.agseo.pro/
1,https://www.agseo.pro/terms,,text/html; charset=iso-8859-1,false,404,0,1,false,1,https://www.agseo.pro/
1,https://www.agseo.pro/contact,,text/html; charset=iso-8859-1,false,404,0,1,false,1,https://www.agseo.pro/
1,https://www.agseo.pro/cookies,,text/html; charset=iso-8859-1,false,404,0,1,false,1,https://www.agseo.pro/
1,https://www.agseo.pro/geo-optimization,,text/html; charset=iso-8859-1,false,404,0,1,false,1,https://www.agseo.pro/
